happiness,social,open_mindedness,giving,funnybone
93,87,50,99,50
99,82,52,91,54
99,82,52,91,54
99,82,52,91,54
99,82,52,91,54
99,82,52,91,54
99,82,52,91,54
99,82,52,91,54
99,82,52,91,54
99,82,52,91,54
99,82,52,91,54
99,82,52,91,54
99,82,52,91,54
99,82,52,91,54
99,82,52,91,54
100,80,53,87,56
100,80,53,87,56
100,80,53,87,56
100,80,53,87,56
100,80,53,87,56
100,80,53,87,56
100,80,53,87,56
100,80,53,87,56
100,80,53,87,56
94,74,55,97,60
94,74,55,97,60
94,74,55,97,60
94,74,55,97,60
94,74,55,97,60
94,74,55,97,60
94,74,55,97,60
94,74,55,97,60
94,74,55,97,60
94,74,55,97,60
94,74,55,97,60
94,74,55,97,60
94,74,55,97,60
94,74,55,97,60
94,74,55,97,60
94,74,55,97,60
94,74,55,97,60
94,74,55,97,60
94,74,55,97,60
94,74,55,97,60
94,74,55,97,60
94,74,55,97,60
94,74,55,97,60
94,74,55,97,60
94,74,55,97,60
94,74,55,97,60
94,74,55,97,60
94,74,55,97,60
94,74,55,97,60
94,74,55,97,60
94,74,55,97,60
94,74,55,97,60
94,74,55,97,60
94,74,55,97,60
94,74,55,97,60
94,74,55,97,60
94,74,55,97,60
95,75,55,97,60
95,75,55,97,60
95,75,55,97,60
95,75,55,97,60
95,75,55,97,60
95,75,55,97,60
95,75,55,97,60
95,75,55,97,60
95,75,55,97,60
95,75,55,97,60
95,75,55,97,60
95,75,55,97,60
95,75,55,97,60
95,75,55,97,60
95,75,55,97,60
95,75,55,97,60
95,75,55,97,60
95,75,55,97,60
95,75,55,97,60
96,74,55,98,60
96,74,55,98,60
96,74,55,98,60
96,74,55,98,60
96,74,55,98,60
96,74,55,98,60
96,74,55,98,60
96,74,55,98,60
96,74,55,98,60
96,74,55,98,60
96,74,55,98,60
96,74,55,98,60
96,74,55,98,60
96,74,55,98,60
96,74,55,98,60
96,74,55,98,60
96,74,55,98,60
96,74,55,98,60
96,74,55,98,60
96,74,55,98,60
96,74,55,98,60
96,74,55,98,60
96,74,55,98,60
96,74,55,98,60
96,74,55,98,60
97,73,55,97,60
97,73,55,97,60
97,73,55,97,60
97,73,55,97,60
97,73,55,97,60
97,73,55,97,60
97,73,55,97,60
97,73,55,97,60
97,73,55,97,60
97,73,55,97,60
97,73,55,97,60
97,73,55,97,60
97,73,55,97,60
97,73,55,97,60
97,73,55,97,60
97,73,55,97,60
97,73,55,97,60
97,73,55,97,60
97,73,55,97,60
97,73,55,97,60
97,73,55,97,60
97,73,55,97,60
97,73,55,97,60
97,73,55,97,60
97,73,55,97,60
97,73,55,97,60
97,73,55,97,60
97,73,55,97,60
97,73,55,97,60
97,73,55,97,60
97,73,55,97,60
97,73,55,97,60
97,73,55,97,60
97,73,55,97,60
97,73,55,97,60
97,73,55,97,60
97,73,55,97,60
97,73,55,97,60
97,73,55,97,60
97,73,55,97,60
97,73,55,97,60
97,73,55,97,60
97,73,55,97,60
97,73,55,97,60
97,73,55,97,60
97,73,55,97,60
97,73,55,97,60
97,73,55,97,60
97,73,55,97,60
97,73,55,97,60
97,73,55,97,60
97,73,55,97,60
97,73,55,97,60
97,73,55,97,60
97,73,55,97,60
97,73,55,97,60
97,73,55,97,60
97,73,55,97,60
97,73,55,97,60
97,73,55,97,60
97,73,55,97,60
97,73,55,97,60
97,73,55,97,60
97,73,55,97,60
91,68,57,100,64
91,68,57,100,64
91,68,57,100,64
91,68,57,100,64
91,68,57,100,64
97,73,55,91,60
97,73,55,91,60
97,73,55,91,60
97,73,55,91,60
97,73,55,91,60
97,73,55,91,60
97,73,55,91,60
100,78,53,81,56
100,78,53,81,56
100,78,53,81,56
100,78,53,81,56
100,78,53,81,56
100,78,53,81,56
100,78,53,81,56
100,78,53,81,56
100,78,53,81,56
100,79,53,81,55
100,79,53,81,55
100,79,53,81,55
100,79,53,81,55
100,79,53,81,55
100,79,53,81,55
100,79,53,81,55
100,79,53,81,55
100,79,53,81,55
100,79,53,81,55
100,79,53,81,55
100,79,53,81,55
100,79,53,81,55
100,79,53,81,55
100,79,53,81,55
100,79,53,81,55
100,80,53,83,54
100,80,53,83,54
100,80,53,83,54
100,80,53,83,54
100,80,53,83,54
100,80,53,83,54
100,80,53,83,54
100,80,53,83,54
100,80,53,83,54
100,80,53,83,54
100,80,53,83,54
100,80,53,83,54
100,80,53,83,54
100,80,53,83,54
100,80,53,83,54
100,80,53,83,54
100,80,53,83,54
100,80,53,83,54
100,80,53,83,54
100,80,53,83,54
100,80,53,83,54
100,80,53,83,54
100,80,53,83,54
100,80,53,83,54
100,80,53,83,54
100,79,53,81,54
100,82,54,86,56
100,82,54,86,56
100,82,54,86,56
100,82,54,86,56
100,82,54,86,56
100,82,54,86,56
100,82,54,86,56
100,82,54,86,56
100,82,54,86,56
100,82,54,86,56
100,82,54,86,56
100,82,54,86,56
100,82,54,86,56
100,82,54,86,56
100,82,54,86,56
83,67,61,100,68
83,67,61,100,68
83,67,61,100,68
83,67,61,100,68
83,67,61,100,68
83,67,61,100,68
83,67,61,100,68
83,67,61,100,68
83,67,61,100,68
83,67,61,100,68
83,67,61,100,68
83,67,61,100,68
83,67,61,100,68
83,67,61,100,68
83,67,61,100,68
83,67,61,100,68
83,67,61,100,68
83,67,61,100,68
83,67,61,100,68
83,67,61,100,68
83,67,61,100,68
83,67,61,100,68
83,67,61,100,68
83,67,61,100,68
83,67,61,100,68
83,67,61,100,68
83,67,61,100,68
83,67,61,100,68
83,67,61,100,68
83,67,61,100,68
83,67,61,100,68
83,67,61,100,68
83,67,61,100,68
83,67,61,100,68
83,67,61,100,68
83,67,61,100,68
88,72,63,92,72
88,72,63,92,72
88,72,63,92,72
88,72,63,92,72
88,72,63,92,72
88,72,63,92,72
88,72,63,92,72
88,72,63,92,72
88,72,63,92,72
88,72,63,92,72
88,72,63,92,72
88,72,63,92,72
88,72,63,92,72
88,72,63,92,72
88,72,63,92,72
88,72,63,92,72
88,72,63,92,72
88,72,63,92,72
88,72,63,92,72
89,71,63,94,73
89,71,63,94,73
89,71,63,94,73
89,71,63,94,73
89,71,63,94,73
89,71,63,94,73
89,71,63,94,73
89,71,63,94,73
89,71,63,94,73
89,71,63,94,73
89,71,63,94,73
89,71,63,94,73
89,71,63,94,73
89,71,63,94,73
89,71,63,94,73
89,71,63,94,73
89,71,63,94,73
89,71,63,94,73
89,71,63,94,73
89,71,63,94,73
89,71,63,94,73
89,71,63,94,73
89,71,63,94,73
89,71,63,94,73
89,71,63,94,73
89,71,63,94,73
89,71,63,94,73
89,71,63,94,73
89,71,63,94,73
89,71,63,94,73
89,71,63,94,73
89,71,63,94,73
89,71,63,94,73
89,71,63,94,73
90,70,63,92,72
90,70,63,92,72
90,70,63,92,72
90,70,63,92,72
90,70,63,92,72
90,70,63,92,72
90,70,63,92,72
90,70,63,92,72
90,70,63,92,72
90,70,63,92,72
90,70,63,92,72
90,70,63,92,72
90,70,63,92,72
90,70,63,92,72
90,70,63,92,72
90,70,63,93,72
90,70,63,93,72
90,70,63,93,72
90,70,63,93,72
90,70,63,93,72
90,70,63,93,72
90,70,63,93,72
90,70,63,93,72
90,70,63,93,72
90,70,63,93,72
90,70,63,93,72
90,70,63,93,72
90,70,63,93,72
90,70,63,93,72
90,70,63,93,72
90,70,63,93,72
90,70,63,93,72
91,69,63,91,73
91,69,63,91,73
91,69,63,91,73
91,69,63,91,73
91,69,63,91,73
91,69,63,91,73
91,69,63,91,73
91,69,63,91,73
91,69,63,91,73
91,69,63,91,73
91,69,63,91,73
91,69,63,91,73
91,69,63,91,73
91,69,63,91,73
91,69,63,91,73
91,69,63,91,73
91,69,63,91,73
91,69,63,91,73
91,69,63,91,73
91,69,63,91,73
91,69,63,91,73
91,69,63,91,73
91,69,63,91,73
91,69,63,91,73
91,69,63,91,73
90,68,63,92,73
90,68,63,92,73
90,68,63,92,73
90,68,63,92,73
90,68,63,92,73
90,68,63,92,73
90,68,63,92,73
90,68,63,92,73
90,68,63,92,73
90,68,63,92,73
90,68,63,92,73
90,68,63,92,73
90,68,63,92,73
90,68,63,92,73
90,68,63,92,73
90,68,63,92,73
90,68,63,92,73
90,68,63,92,73
90,68,63,92,73
90,68,63,92,73
90,68,63,92,73
90,68,63,92,73
90,68,63,92,73
90,68,63,92,73
90,68,63,92,73
90,68,63,92,73
90,68,63,92,73
90,68,63,92,73
90,68,63,92,73
90,68,63,92,73
90,68,63,92,73
90,68,63,92,73
90,68,63,92,73
90,68,63,92,73
90,68,63,92,73
90,68,63,92,73
90,68,63,92,73
90,68,63,92,73
90,68,63,92,73
90,68,63,92,73
90,68,63,92,73
90,68,63,92,73
90,68,63,92,73
90,68,63,92,73
90,68,63,92,73
93,71,64,89,71
93,71,64,89,71
93,71,64,89,71
93,71,64,89,71
93,71,64,89,71
93,71,64,89,71
93,71,64,89,71
93,71,64,89,71
93,71,64,89,71
93,71,64,89,71
93,71,64,89,71
93,71,64,89,71
93,71,64,89,71
93,71,64,89,71
93,71,64,89,71
93,71,64,89,71
93,71,64,89,71
92,70,64,90,71
92,70,64,90,71
92,70,64,90,71
92,70,64,90,71
92,70,64,90,71
92,70,64,90,71
92,70,64,90,71
92,70,64,90,71
92,70,64,90,71
92,70,64,90,71
93,69,64,88,70
93,69,64,88,70
93,69,64,88,70
93,69,64,88,70
93,69,64,88,70
93,69,64,88,70
93,69,64,88,70
93,69,64,88,70
93,69,64,88,70
94,69,64,88,69
94,69,64,88,69
95,69,64,88,69
95,69,64,88,69
95,69,64,88,69
95,69,64,88,69
96,68,64,86,68
96,68,64,86,68
96,68,64,86,68
96,68,64,86,68
96,68,64,86,68
96,68,64,86,68
96,68,64,86,68
96,68,64,86,68
96,68,64,86,68
96,68,64,86,68
96,68,64,86,68
96,68,64,86,68
96,68,64,86,68
96,68,64,86,68
96,68,64,86,68
96,68,64,86,68
96,68,64,86,68
96,68,64,86,68
96,68,64,86,68
96,68,64,86,68
96,68,64,87,68
96,68,64,87,68
96,68,64,87,68
96,68,64,87,68
96,68,64,87,68
96,68,64,87,68
96,68,64,87,68
96,68,64,87,68
96,68,64,87,68
96,68,64,87,68
96,68,64,87,68
96,68,64,87,68
96,68,64,87,68
96,68,64,87,68
96,68,64,87,68
96,68,64,87,68
96,68,64,87,68
96,68,64,87,68
96,68,64,87,68
96,68,64,87,68
96,68,64,87,68
96,68,64,87,68
96,68,64,86,68
96,68,64,86,68
96,68,64,86,68
96,68,64,86,68
96,68,64,86,68
96,68,64,86,68
96,68,64,86,68
96,68,64,86,68
96,68,64,86,68
96,68,64,86,68
96,68,64,86,68
96,68,64,86,68
96,68,64,86,68
96,68,64,86,68
96,68,64,86,68
96,68,64,86,68
96,68,64,86,68
96,68,64,86,68
96,68,64,86,68
96,68,64,86,68
96,68,64,86,68
96,68,64,86,68
96,68,64,86,68
96,68,64,86,68
96,68,64,86,68
96,68,64,86,68
96,68,64,86,68
96,68,64,86,68
96,68,64,86,68
96,68,64,86,68
96,68,64,86,68
96,68,64,86,68
96,68,64,86,68
96,68,64,86,68
96,68,64,86,68
96,68,64,86,68
96,68,64,86,68
96,68,64,86,68
97,69,64,85,67
97,69,64,85,67
97,69,64,85,67
97,69,64,85,67
97,69,64,85,67
97,69,64,85,67
97,69,64,85,67
97,69,64,85,67
97,69,64,85,67
97,69,64,85,67
97,69,64,85,67
97,69,64,85,67
97,69,64,85,67
97,69,64,85,67
97,69,64,85,67
97,69,64,85,67
97,69,64,85,67
97,69,64,85,67
97,69,64,85,67
97,69,64,85,67
97,69,64,85,67
96,68,64,84,67
96,68,64,84,67
96,68,64,84,67
96,68,64,84,67
96,68,64,84,67
96,68,64,84,67
96,68,64,84,67
96,68,64,84,67
96,68,64,84,67
96,68,64,84,67
96,68,64,84,67
96,68,64,84,67
96,68,64,84,67
96,68,64,84,67
96,68,64,84,67
96,68,64,84,67
96,68,64,84,67
96,68,64,84,67
96,68,64,84,67
96,68,64,84,67
96,68,64,84,67
96,68,64,84,67
96,68,64,84,67
96,68,64,84,67
96,68,64,84,67
96,68,64,84,67
96,68,64,84,67
96,68,64,84,67
84,55,70,100,78
84,55,70,100,78
84,55,70,100,78
84,55,70,100,78
84,55,70,100,78
84,55,70,100,78
84,55,70,100,78
84,55,70,100,78
84,55,70,100,78
84,55,70,100,78
84,55,70,100,78
84,55,70,100,78
84,55,70,100,78
84,55,70,100,78
84,55,70,100,78
84,55,70,100,78
84,55,70,100,78
84,55,70,100,78
84,55,70,100,78
84,55,70,100,78
84,55,70,100,78
84,55,70,100,78
84,55,70,100,78
84,55,70,100,78
84,55,70,100,78
84,55,70,100,78
84,55,70,100,78
84,55,70,100,78
84,55,70,100,78
84,55,70,100,78
84,55,70,100,78
84,55,70,100,78
84,55,70,100,78
84,55,70,100,78
84,55,70,100,78
84,55,70,100,78
84,55,70,100,78
84,55,70,100,78
84,55,70,100,78
84,55,70,100,78
84,55,70,100,78
84,55,70,100,78
84,55,70,100,78
84,55,70,100,78
84,55,70,100,78
84,55,70,100,78
84,55,70,100,78
84,55,70,100,78
84,55,70,100,78
84,55,70,100,78
84,55,70,100,78
84,55,70,100,78
84,55,70,100,78
84,55,70,100,78
84,55,70,100,78
84,55,70,100,78
84,55,70,100,78
84,55,70,100,78
84,55,70,100,78
84,55,70,100,78
84,55,70,100,78
84,55,70,100,78
84,55,70,100,78
84,55,70,100,78
84,55,70,100,78
83,54,70,100,79
81,52,71,100,81
81,52,71,100,81
81,52,71,100,81
81,52,71,100,81
81,52,71,100,81
81,52,71,100,81
81,52,71,100,81
81,52,71,100,81
81,52,71,100,81
81,52,71,100,81
81,52,71,100,81
81,52,71,100,81
81,52,71,100,81
81,52,71,100,81
81,52,71,100,81
81,52,71,100,81
81,52,71,100,81
81,52,71,100,81
86,58,73,90,76
86,58,73,90,76
86,58,73,90,76
86,58,73,90,76
86,58,73,90,76
86,58,73,90,76
86,58,73,90,76
86,58,73,90,76
86,58,73,90,76
86,58,73,90,76
86,58,73,90,76
86,58,73,90,76
86,58,73,90,76
86,58,73,90,76
86,58,73,90,76
86,58,73,90,76
86,58,73,90,76
86,58,73,90,76
86,58,73,90,76
86,58,73,90,76
86,58,73,90,76
86,58,73,90,76
86,58,73,90,76
86,58,73,90,76
86,58,73,90,76
86,58,73,90,76
86,58,73,90,76
86,58,73,90,76
86,58,73,90,76
86,58,73,90,76
86,58,73,90,76
91,65,76,100,71
91,65,76,100,71
91,65,76,100,71
91,65,76,100,71
91,65,76,100,71
91,65,76,100,71
91,65,76,100,71
91,66,76,100,71
91,66,76,100,71
91,66,76,100,71
91,66,76,100,71
91,66,76,100,71
91,66,76,100,71
91,66,76,100,71
91,66,76,100,71
91,66,76,100,71
91,66,76,100,71
91,66,76,100,71
91,66,76,100,71
91,66,76,100,71
91,66,76,100,71
91,66,76,100,71
91,66,76,100,71
91,66,76,100,71
91,66,76,100,71
91,66,76,100,71
91,66,76,100,71
91,66,76,100,71
91,66,76,100,71
91,66,76,100,71
91,66,76,100,71
91,66,76,100,71
91,66,76,100,71
91,66,76,100,71
91,66,76,100,71
91,66,76,100,71
91,66,76,100,71
91,66,76,100,71
91,66,76,100,71
91,66,76,100,71
91,66,76,100,71
91,66,76,100,71
91,66,76,100,71
91,66,76,100,71
91,66,76,100,71
91,66,76,100,71
91,66,76,100,71
91,66,76,100,71
91,66,76,100,71
91,66,76,100,71
91,66,76,100,71
91,66,76,100,71
91,66,76,100,71
91,66,76,100,71
91,66,76,100,71
91,66,76,100,71
91,66,76,100,71
91,66,76,100,71
91,66,76,100,71
91,66,76,100,71
91,66,76,100,71
91,66,76,100,71
91,66,76,100,71
91,66,76,100,71
91,66,76,100,71
91,66,76,100,71
91,66,76,100,71
91,66,76,100,71
91,66,76,100,71
91,66,76,100,71
91,66,76,100,71
91,66,76,100,71
91,66,76,100,71
91,66,76,100,71
91,66,76,100,71
91,66,76,100,71
91,66,76,100,71
91,66,76,100,71
91,66,76,100,71
91,66,76,100,71
92,67,76,100,71
92,67,76,100,71
92,67,76,100,71
92,67,76,100,71
92,67,76,100,71
92,67,76,100,71
92,67,76,100,71
92,67,76,100,71
98,71,79,100,68
98,71,79,100,68
100,74,81,100,70
100,74,81,100,70
100,74,81,100,70
100,74,81,100,70
100,74,81,100,70
100,74,81,100,70
100,74,81,100,70
100,74,81,100,70
100,74,81,100,70
100,74,81,100,70
100,74,81,100,70
100,74,81,100,70
100,74,81,100,70
100,74,81,100,70
100,74,81,100,70
100,74,81,100,70
100,74,81,100,70
100,74,81,100,70
100,74,81,100,70
100,74,81,100,70
100,74,81,100,70
100,74,81,100,70
100,74,81,100,70
100,74,81,100,70
100,74,81,100,70
100,70,77,83,76
100,70,77,83,76
100,70,77,83,76
100,70,77,83,76
100,70,77,83,76
100,70,77,83,76
100,70,77,83,76
100,70,77,83,76
100,70,77,83,76
100,70,77,83,76
99,71,77,85,77
99,71,77,85,77
99,71,77,85,77
99,71,77,85,77
99,71,77,85,77
99,71,77,85,77
99,71,77,85,77
99,71,77,85,77
99,71,77,85,77
99,71,77,85,77
99,71,77,85,77
99,71,77,85,77
99,71,77,85,77
99,71,77,85,77
99,71,77,85,77
99,71,77,85,77
99,71,77,85,77
99,71,77,85,77
99,71,77,85,77
99,71,77,85,77
99,71,77,85,77
99,71,77,85,77
99,71,77,85,77
99,71,77,85,77
99,71,77,85,77
99,71,77,85,77
99,71,77,85,77
99,71,77,85,77
99,71,77,85,77
98,72,77,87,78
98,72,77,87,78
100,76,81,97,72
100,76,81,97,72
100,76,81,97,72
100,76,81,97,72
100,76,81,97,72
100,76,81,97,72
100,76,81,97,72
100,76,81,97,72
100,76,81,97,72
100,76,81,97,72
100,76,81,97,72
100,76,81,97,72
100,76,81,97,72
100,76,81,97,72
100,76,81,97,72
100,76,81,97,72
100,76,81,97,72
100,76,81,97,72
100,76,81,97,72
100,76,81,97,72
100,76,81,97,72
100,76,81,97,72
100,76,81,97,72
100,76,81,97,72
100,76,81,97,72
100,76,81,97,72
100,76,81,97,72
100,76,81,97,72
100,76,81,97,72
100,76,81,97,72
100,76,81,97,72
100,76,81,97,72
100,76,81,97,72
100,76,81,97,72
100,76,81,97,72
100,76,81,97,72
100,76,81,97,72
100,76,81,97,72
100,76,81,97,72
100,76,81,97,72
100,76,81,97,72
100,76,81,97,72
100,76,81,97,72
100,76,81,97,72
100,76,81,97,72
100,76,81,97,72
100,76,81,97,72
100,76,81,97,72
100,77,81,95,72
100,77,81,95,72
100,77,81,95,72
100,77,81,95,72
100,77,81,95,72
100,77,81,95,72
100,77,81,95,72
100,77,81,95,72
100,77,81,95,72
100,77,81,95,72
100,77,81,95,72
100,77,81,95,72
100,77,81,95,72
100,77,81,95,72
100,77,81,95,72
100,77,81,95,72
100,77,81,95,72
100,77,81,95,72
100,77,81,95,72
100,82,80,100,69
100,82,80,100,69
100,82,80,100,69
100,82,80,100,69
100,82,80,100,69
100,82,80,100,69
100,82,80,100,69
100,82,80,100,69
100,82,80,100,69
100,82,80,100,69
100,82,80,100,69
100,82,80,100,69
100,82,80,100,69
100,82,80,100,69
100,82,80,100,69
100,82,80,99,69
100,82,80,99,69
100,82,80,99,69
100,82,80,100,69
100,81,80,99,69
100,81,80,99,69
100,81,80,99,69
100,81,80,99,69
100,81,80,99,69
100,81,80,99,69
100,81,80,99,69
100,81,80,99,69
100,81,80,99,69
100,81,80,99,69
100,81,80,99,69
100,81,80,99,69
100,81,80,99,69
100,81,80,99,69
100,81,80,99,69
100,81,80,99,69
100,81,80,99,69
100,81,80,99,69
100,81,80,99,69
100,81,80,99,69
100,81,80,99,69
100,81,80,99,69
100,81,80,99,69
100,81,80,99,69
100,81,80,99,69
100,81,80,99,69
100,81,80,99,69
100,81,80,99,69
100,81,80,99,69
100,81,80,99,69
100,81,80,99,69
100,82,80,97,69
100,82,80,97,69
100,82,80,97,69
100,82,80,97,69
100,82,80,97,69
100,82,80,97,69
100,78,82,97,72
100,78,82,97,72
100,78,82,97,72
100,78,82,97,72
100,78,82,97,72
100,78,82,97,72
100,78,82,97,72
100,78,82,97,72
100,78,82,97,72
100,78,82,97,72
100,78,82,97,72
100,78,82,97,72
100,78,82,97,72
100,78,82,97,72
100,78,82,97,72
100,78,82,97,72
100,78,82,97,72
100,78,82,97,72
100,78,82,97,72
100,78,82,98,72
100,78,82,98,72
100,78,82,98,72
100,78,82,98,72
100,78,82,98,72
99,78,82,98,72
99,78,82,98,72
99,78,82,98,72
99,78,82,98,72
99,78,82,98,72
99,78,82,98,72
99,78,82,98,72
99,78,82,98,72
99,78,82,98,72
99,78,82,98,72
99,78,82,98,72
99,78,82,98,72
99,78,82,98,72
99,78,82,98,72
99,78,82,98,72
99,78,82,98,72
99,78,82,98,72
99,78,82,98,72
99,78,82,98,72
99,78,82,98,72
99,78,82,98,72
99,78,82,98,72
99,77,82,100,72
99,77,82,100,72
99,77,82,100,72
99,77,82,100,72
99,77,82,100,72
99,77,82,100,72
98,78,82,100,72
98,78,82,100,72
98,78,82,100,72
98,78,82,100,72
98,78,82,100,72
98,78,82,100,72
98,78,82,100,72
98,78,82,100,72
98,78,82,100,72
98,78,82,100,72
98,78,82,100,72
98,78,82,100,72
98,78,82,100,72
98,78,82,100,72
98,78,82,100,72
98,78,82,100,72
98,78,82,100,72
98,78,82,100,72
98,78,82,100,72
98,78,82,100,72
98,78,82,100,72
98,78,82,100,72
98,78,82,100,72
98,78,82,100,72
98,78,82,100,72
98,78,82,100,72
98,78,82,100,72
98,78,82,100,72
98,78,82,100,72
98,78,82,100,72
98,78,82,100,72
98,78,82,100,72
98,78,82,100,72
98,78,82,100,72
98,78,82,100,72
98,78,82,100,72
98,78,82,100,72
98,78,82,100,72
98,78,82,100,72
98,78,82,100,72
98,78,82,100,72
98,78,82,100,72
98,78,82,100,72
98,78,82,100,72
98,78,82,100,72
98,78,82,100,72
98,78,82,100,72
98,78,82,100,72
98,78,82,100,72
98,78,82,100,72
98,78,82,100,72
98,78,82,100,72
98,78,82,100,72
98,78,82,100,72
98,78,82,100,72
98,78,82,100,72
98,78,82,100,72
98,78,82,100,72
98,78,82,100,72
98,78,82,100,72
98,78,82,100,72
98,78,82,100,72
98,78,82,100,72
98,78,82,100,72
98,78,82,100,72
98,78,82,100,72
98,78,82,100,72
98,78,82,100,72
98,78,82,100,72
98,78,82,100,72
98,78,82,100,72
98,78,82,100,72
98,78,82,100,72
98,78,82,100,72
98,78,82,100,72
98,78,82,100,72
98,78,82,100,72
98,78,82,100,72
98,78,82,100,72
99,76,82,98,73
99,76,82,98,73
99,76,82,98,73
99,76,82,98,73
99,76,82,98,73
99,76,82,98,73
99,76,82,98,73
99,76,82,98,73
99,76,82,98,73
99,76,82,98,73
99,76,82,98,73
99,76,82,98,73
99,76,82,98,73
87,57,90,100,85
87,57,90,100,85
87,57,90,100,85
87,57,90,100,85
87,57,90,100,85
87,57,90,100,85
87,57,90,100,85
87,57,90,100,85
88,58,90,97,84
88,58,90,97,84
88,58,90,97,84
90,63,88,89,81
90,63,88,89,81
90,63,88,89,81
90,63,88,89,81
90,63,88,89,81
90,63,88,89,81
90,63,88,89,81
90,64,88,87,81
90,64,88,87,81
90,64,88,87,81
90,64,88,87,81
90,64,88,87,81
90,64,88,87,81
90,64,88,87,81
90,64,88,87,81
90,64,88,87,81
90,64,88,87,81
90,64,88,87,81
90,64,88,87,81
90,64,88,87,81
90,64,88,87,81
90,64,88,87,81
90,64,88,87,81
90,64,88,87,81
90,64,88,87,81
90,64,88,87,81
90,64,88,87,81
90,64,88,87,81
90,64,88,87,81
90,64,88,87,81
90,64,88,87,81
90,64,88,87,81
90,64,88,87,81
90,65,88,85,81
90,65,88,85,81
90,65,88,85,81
90,65,88,85,81
90,65,88,85,81
90,65,88,85,81
90,65,88,85,81
90,65,88,85,81
90,65,88,85,81
90,65,88,85,81
90,65,88,85,81
90,65,88,85,81
90,65,88,85,81
90,65,88,85,81
90,65,88,85,81
90,65,88,85,81
90,65,88,85,81
90,65,88,85,81
91,64,88,82,80
91,64,88,82,80
91,64,88,82,80
91,64,88,82,80
91,64,88,82,80
91,64,88,82,80
91,64,88,82,80
91,64,88,83,80
91,64,88,83,80
91,64,88,83,80
91,64,88,83,80
91,64,88,83,80
91,64,88,83,80
91,64,88,83,80
91,64,88,83,80
91,64,88,83,80
91,64,88,83,80
91,64,88,83,80
91,64,88,83,80
91,64,88,83,80
94,64,86,82,77
94,64,86,82,77
94,64,86,82,77
94,64,86,83,77
94,64,86,83,77
94,64,86,83,77
94,64,86,83,77
94,64,86,83,77
94,64,86,83,77
94,64,86,83,77
94,64,86,83,77
94,64,86,83,77
94,64,86,83,77
94,64,86,83,77
94,64,86,83,77
94,64,86,83,77
95,62,86,86,78
95,62,86,86,78
95,62,86,86,78
95,62,86,86,78
95,62,86,86,78
95,62,86,86,78
95,62,86,86,78
95,62,86,86,78
95,62,86,86,78
95,62,86,86,78
95,62,86,86,78
95,62,86,86,78
95,62,86,86,78
95,62,86,86,78
95,62,86,86,78
95,62,86,86,78
95,62,86,86,78
95,62,86,86,78
95,62,86,86,78
95,62,86,86,78
95,62,86,86,78
95,62,86,86,78
95,62,86,86,78
95,62,86,86,78
95,62,86,86,78
95,62,86,86,78
95,62,86,86,78
95,62,86,86,78
95,62,86,86,78
95,62,86,86,78
95,62,86,86,78
95,62,86,86,78
95,62,86,86,78
95,62,86,85,78
95,62,86,85,78
95,62,86,85,78
95,62,86,85,78
95,62,86,85,78
95,62,86,85,78
95,62,86,85,78
95,62,86,85,78
95,62,86,85,78
95,62,86,85,78
95,62,86,85,78
95,62,86,85,78
95,62,86,85,78
95,62,86,85,78
95,62,86,85,78
95,62,86,85,78
95,62,86,85,78
95,62,86,85,78
95,62,86,85,78
95,62,86,85,78
94,61,86,87,79
94,61,86,87,79
94,61,86,87,79
94,61,86,87,79
94,61,86,87,79
94,61,86,87,79
94,61,86,87,79
94,61,86,87,79
94,61,86,87,79
94,61,86,87,79
94,61,86,87,79
94,61,86,87,79
94,61,86,87,79
94,61,86,87,79
94,61,86,87,79
94,61,86,87,79
94,61,86,87,79
94,61,86,87,79
94,61,86,87,79
94,61,86,87,79
94,61,86,87,79
94,61,86,87,79
94,61,86,87,79
94,61,86,87,79
94,61,86,87,79
94,61,86,87,79
94,61,86,87,79
94,61,86,87,79
94,61,86,87,79
94,61,86,87,79
94,61,86,87,79
94,61,86,87,79
94,60,86,89,79
94,60,86,89,79
94,60,86,89,79
94,60,86,89,79
94,60,86,89,79
94,60,86,89,79
94,60,86,89,79
94,60,86,89,79
94,60,86,89,79
94,60,86,89,79
94,60,86,89,79
94,60,86,89,79
94,60,86,89,79
94,60,86,89,79
94,60,86,89,79
94,60,86,89,79
94,60,86,89,79
94,60,86,89,79
94,60,86,89,79
94,60,86,89,79
94,60,86,89,79
94,60,86,89,79
94,60,86,89,79
94,60,86,89,79
94,60,86,89,79
94,60,86,89,79
94,60,86,89,79
94,60,86,89,79
94,60,86,89,79
94,60,86,89,79
94,60,86,89,79
94,60,86,89,79
94,60,86,89,79
94,60,86,89,79
94,60,86,89,79
94,60,86,89,79
94,60,86,89,79
94,60,86,89,79
94,60,86,89,79
94,60,86,89,79
94,60,86,89,79
94,60,86,89,79
94,60,86,89,79
94,60,86,89,79
94,60,86,89,79
94,60,86,89,79
94,60,86,89,79
94,60,86,89,79
94,60,86,89,79
94,60,86,89,79
94,60,86,89,79
94,60,86,89,79
94,60,86,89,79
94,60,86,89,79
94,60,86,89,79
94,60,86,89,79
94,60,86,89,79
94,60,86,89,79
94,60,86,89,79
94,60,86,89,79
94,60,86,89,79
94,60,86,89,79
94,60,86,89,79
94,60,86,89,79
94,60,86,89,79
94,60,86,89,79
94,60,86,89,79
93,58,86,86,80
93,58,86,86,80
94,60,86,83,79
94,60,86,83,79
94,60,86,83,79
94,60,86,83,79
94,60,86,83,79
94,60,86,83,79
94,60,86,83,79
94,60,86,83,79
94,60,86,83,79
94,60,86,83,79
94,60,86,83,79
94,60,86,83,79
94,60,86,83,79
94,60,86,83,79
94,60,86,83,79
94,60,86,83,79
95,61,86,81,80
95,61,86,81,80
95,61,86,81,80
95,61,86,81,80
95,61,86,81,80
95,61,86,81,80
95,61,86,81,80
95,61,86,81,80
95,61,86,81,80
95,61,86,81,80
95,61,86,81,80
95,61,86,81,80
95,61,86,81,80
95,61,86,81,80
95,61,86,81,80
95,61,86,81,80
95,61,86,81,80
95,61,86,81,80
95,61,86,81,80
95,61,86,81,80
95,61,86,81,80
95,61,86,81,80
95,61,86,81,80
95,61,86,80,80
95,61,86,80,80
95,61,86,80,80
95,61,86,80,80
96,62,86,78,79
96,62,86,78,79
96,62,86,78,79
96,62,86,78,79
96,62,86,78,79
96,62,86,78,79
96,62,86,78,79
96,62,86,78,79
96,62,86,78,79
96,62,86,78,79
96,62,86,78,79
96,63,86,76,79
96,63,86,76,79
96,63,86,76,79
96,63,86,76,79
96,63,86,76,79
96,63,86,76,79
96,63,86,76,79
96,63,86,76,79
96,63,86,76,79
96,63,86,76,79
96,63,86,76,79
96,63,86,76,79
96,63,86,76,79
96,63,86,76,79
96,63,86,76,79
96,63,86,76,79
96,63,86,76,79
96,63,86,76,79
96,63,86,76,79
96,64,86,77,79
96,64,86,77,79
96,64,86,77,79
96,64,86,77,79
96,64,86,77,79
96,64,86,77,79
96,64,86,77,79
96,64,86,77,79
96,64,86,77,79
96,64,86,77,79
96,64,86,77,79
96,64,86,77,79
96,63,86,79,79
96,63,86,79,79
96,63,86,79,79
96,63,86,79,79
96,63,86,79,79
96,63,86,79,79
96,63,86,79,79
96,63,86,79,79
96,63,86,79,79
96,63,86,79,79
96,63,86,79,79
96,63,86,79,79
96,63,86,79,79
96,63,86,79,79
96,63,86,79,79
96,63,86,79,79
96,63,86,79,79
96,63,86,79,79
96,63,86,79,79
96,63,86,79,79
96,63,86,79,79
96,63,86,79,79
96,63,86,79,79
96,63,86,79,79
96,63,86,79,79
96,63,86,79,79
96,63,86,79,79
96,63,86,79,79
96,63,86,79,79
96,63,86,79,79
93,58,88,88,82
93,58,88,88,82
93,58,88,88,82
93,58,88,88,82
93,58,88,88,82
93,58,88,88,82
93,58,88,88,82
93,58,88,88,82
93,58,88,88,82
93,58,88,88,82
93,58,88,88,82
93,58,88,88,82
93,58,88,88,82
93,58,88,88,82
93,58,88,88,82
93,58,88,88,82
93,58,88,88,82
93,58,88,88,82
93,58,88,88,82
93,58,88,88,82
93,58,88,88,82
93,58,88,88,82
93,58,88,88,82
93,58,88,88,82
93,58,88,88,82
93,58,88,88,82
93,58,88,88,82
93,58,88,88,82
93,58,88,88,82
93,58,88,88,82
93,58,88,88,82
93,58,88,88,82
93,58,88,88,82
93,58,88,88,82
93,58,88,88,82
93,58,88,88,82
93,58,88,88,82
93,58,88,88,82
93,58,88,88,82
93,58,88,88,82
93,58,88,88,82
93,58,88,88,82
93,58,88,88,82
93,58,88,88,82
93,58,88,88,82
93,58,88,88,82
93,58,88,88,82
93,58,88,88,82
93,58,88,88,82
93,58,88,88,82
93,58,88,88,82
93,58,88,88,82
93,58,88,88,82
94,58,88,88,82
94,58,88,88,82
94,58,88,88,82
94,58,88,88,82
94,58,88,88,82
94,58,88,88,82
94,58,88,88,82
94,58,88,88,82
94,58,88,88,82
94,58,88,88,82
94,58,88,88,82
94,58,88,88,82
94,58,88,88,82
94,58,88,88,82
94,58,88,88,82
94,58,88,88,82
94,58,88,88,82
94,58,88,88,82
94,58,88,88,82
94,58,88,88,82
94,58,88,88,82
94,58,88,88,82
94,58,88,88,82
94,58,88,88,82
94,58,88,88,82
94,58,88,88,82
94,58,88,88,82
94,58,88,88,82
94,58,88,88,82
94,58,88,88,82
94,58,88,88,82
94,58,88,88,82
94,58,88,88,82
94,58,88,88,82
94,58,88,88,82
94,58,88,88,82
94,58,88,88,82
94,58,88,88,82
94,58,88,88,82
94,58,88,88,82
94,58,88,88,82
94,58,88,88,82
94,58,88,88,82
94,58,88,88,82
94,58,88,88,82
94,58,88,88,82
94,58,88,88,82
94,58,88,88,82
94,58,88,88,82
94,58,88,88,82
94,58,88,88,82
94,58,88,88,82
94,58,88,88,82
94,58,88,88,82
94,58,88,88,82
94,58,88,88,82
94,58,88,88,82
94,58,88,88,82
94,58,88,88,82
94,58,88,88,82
94,58,88,88,82
94,58,88,88,82
94,58,88,88,82
94,58,88,88,82
94,58,88,88,82
94,58,88,88,82
94,58,88,88,82
94,58,88,88,82
94,58,88,88,82
94,58,88,88,82
94,58,88,88,82
94,58,88,88,82
94,58,88,88,82
97,63,87,96,83
97,63,87,96,83
97,63,87,96,83
97,63,87,96,83
97,63,87,96,83
97,63,87,96,83
100,53,89,86,85
100,53,89,86,85
100,53,89,86,85
100,53,89,86,85
100,53,89,86,85
100,53,89,86,85
100,53,89,86,85
100,53,89,86,85
100,53,89,86,85
100,53,89,86,85
100,53,89,86,85
100,53,89,86,85
100,53,89,86,85
100,53,89,86,85
100,53,89,86,85
100,53,89,86,85
100,53,89,86,85
100,53,89,86,85
100,53,89,86,85
100,53,89,86,85
100,53,89,86,85
100,53,89,86,85
100,53,89,86,85
100,53,89,86,85
100,53,89,86,85
100,53,89,86,85
100,53,89,86,85
100,53,89,86,85
100,53,89,86,85
100,53,89,86,85
100,53,89,86,85
100,53,89,86,85
100,53,89,86,85
100,54,89,84,84
100,54,89,84,84
100,54,89,84,84
100,54,89,84,84
100,54,89,84,84
100,54,89,84,84
100,54,89,84,84
100,54,89,84,84
100,55,89,85,84
100,55,89,85,84
100,55,89,85,84
100,55,89,85,84
100,55,89,85,84
100,55,89,85,84
100,55,89,85,84
100,55,89,85,84
100,55,89,85,84
100,55,89,85,84
100,55,89,85,84
100,55,89,85,84
100,55,89,85,84
100,55,89,85,84
100,55,89,85,84
100,55,89,85,84
100,55,89,85,84
100,55,89,85,84
100,55,89,85,84
100,55,89,85,84
100,55,89,85,84
100,55,89,85,84
100,55,89,85,84
100,55,89,85,84
100,55,89,85,84
100,55,89,85,84
100,55,89,85,84
100,55,89,85,84
100,55,89,85,84
100,55,89,85,84
100,56,89,82,83
100,56,89,82,83
100,56,89,82,83
100,56,89,82,83
100,56,89,82,83
100,56,89,82,83
100,56,89,82,83
100,56,89,82,83
100,56,89,82,83
100,56,89,82,83
100,56,89,82,83
100,56,89,82,83
100,56,89,82,83
94,44,94,100,91
94,44,94,100,91
94,44,94,100,91
94,44,94,100,91
94,44,94,100,91
94,44,94,100,91
94,44,94,100,91
94,44,94,100,91
94,44,94,100,91
94,45,94,98,90
94,45,94,98,90
94,45,94,98,90
94,45,94,98,90
94,45,94,98,90
94,45,94,98,90
94,45,94,98,90
94,45,94,98,90
94,45,94,98,90
94,45,94,98,90
94,45,94,98,90
94,45,94,98,90
94,45,94,98,90
94,45,94,98,90
94,45,94,98,90
94,45,94,98,90
94,45,94,98,90
94,45,94,98,90
94,45,94,98,90
94,45,94,98,90
94,45,94,98,90
94,45,94,98,90
94,45,94,98,90
94,45,94,98,90
94,45,94,98,90
94,45,94,98,90
94,45,94,98,90
95,47,93,94,89
95,47,93,94,89
95,47,93,94,89
95,47,93,94,89
95,47,93,94,89
96,49,92,98,88
96,49,92,98,88
96,49,92,98,88
96,49,92,98,88
96,49,92,98,88
96,49,92,98,88
96,49,92,98,88
96,49,92,98,88
96,49,92,98,88
96,49,92,98,88
96,49,92,98,88
96,49,92,98,88
96,49,92,98,88
96,49,92,98,88
96,49,92,98,88
96,49,92,98,88
96,49,92,98,88
96,49,92,98,88
96,49,92,98,88
96,49,92,98,88
96,49,92,98,88
96,49,92,98,88
96,49,92,98,88
96,49,92,98,88
96,49,92,98,88
96,49,92,98,88
96,49,92,98,88
96,49,92,98,88
96,49,92,98,88
96,49,92,98,88
96,49,92,98,88
96,49,92,98,88
96,49,92,98,88
96,49,92,98,88
96,49,92,98,88
96,49,92,98,88
96,49,92,98,88
96,49,92,98,88
96,49,92,98,88
96,49,92,98,88
96,49,92,98,88
96,49,92,98,88
96,49,92,98,88
96,49,92,98,88
96,49,92,98,88
96,49,92,98,88
96,49,92,98,88
96,49,92,98,88
96,50,92,100,87
96,50,92,100,87
96,50,92,100,87
96,50,92,100,87
96,50,92,100,87
96,50,92,100,87
96,50,92,100,87
96,50,92,100,87
96,50,92,100,87
96,50,92,100,87
96,50,92,100,87
96,50,92,100,87
96,50,92,100,87
96,50,92,100,87
96,50,92,100,87
96,50,92,100,87
96,50,92,100,87
96,50,92,100,87
96,50,92,100,87
96,50,92,100,87
96,50,92,100,87
96,50,92,100,87
96,50,92,100,87
96,50,92,100,87
96,50,92,100,87
96,50,92,100,87
96,50,92,100,87
96,50,92,100,87
96,50,92,100,87
96,50,92,100,87
96,50,92,100,87
96,50,92,100,87
96,50,92,100,87
96,50,92,100,87
96,50,92,100,87
96,50,92,100,87
96,50,92,100,87
96,50,92,100,87
96,50,92,100,87
96,50,92,100,87
97,51,92,97,86
97,51,92,97,86
97,51,92,97,86
97,51,92,97,86
97,51,92,97,86
97,51,92,97,86
97,51,92,97,86
97,51,92,97,86
97,51,92,97,86
97,51,92,97,86
97,51,92,97,86
97,51,92,97,86
97,51,92,97,86
97,51,92,97,86
97,51,92,97,86
97,51,92,97,86
97,51,92,97,86
97,51,92,97,86
97,51,92,97,86
97,51,92,97,86
97,51,92,97,86
97,51,92,97,86
97,51,92,97,86
97,51,92,97,86
97,51,92,97,86
97,51,92,97,86
97,51,92,97,86
97,51,92,97,86
97,51,92,97,86
97,51,92,97,86
97,51,92,97,86
97,51,92,97,86
97,51,92,97,86
97,51,92,97,86
97,51,92,97,86
97,51,92,97,86
97,51,92,97,86
97,51,92,97,86
97,51,92,97,86
97,51,92,97,86
97,51,92,97,86
97,51,92,97,86
88,33,100,100,98
88,33,100,100,98
88,33,100,100,98
88,33,100,100,98
88,33,100,100,98
88,33,100,100,98
88,33,100,100,98
88,33,100,100,98
88,33,100,100,98
88,33,100,100,98
93,47,94,80,88
93,47,94,80,88
93,47,94,80,88
93,47,94,80,88
93,47,94,80,88
93,47,94,80,88
93,47,94,80,88
93,47,94,80,88
93,47,94,80,88
94,49,94,77,87
94,49,94,77,87
94,49,94,77,87
94,49,94,77,87
94,49,94,77,87
94,49,94,77,87
94,49,94,77,87
94,49,94,77,87
94,49,94,77,87
94,49,94,77,87
94,49,94,77,87
94,49,94,77,87
94,49,94,77,87
94,49,94,77,87
94,49,94,77,87
94,49,94,77,87
94,49,94,77,87
94,49,94,77,87
94,49,94,77,87
94,49,94,77,87
94,49,94,77,87
94,49,94,77,87
94,49,94,77,87
94,49,94,77,87
94,49,94,77,87
94,49,94,77,87
94,49,94,77,87
94,49,94,77,87
94,49,94,77,87
94,49,94,77,87
94,49,94,77,87
94,49,94,77,87
94,49,94,77,87
94,49,94,77,87
94,49,94,77,87
94,49,94,77,87
94,49,94,77,87
94,49,94,77,87
94,49,94,77,87
94,49,94,77,87
94,49,94,77,87
94,49,94,77,87
94,49,94,77,87
94,49,94,77,87
94,49,94,77,87
94,49,94,77,87
94,49,94,77,87
94,49,94,77,87
94,49,94,77,87
94,49,94,77,87
94,49,94,77,87
94,49,94,77,87
94,49,94,77,87
94,49,94,77,87
94,49,94,77,87
94,49,94,77,87
94,49,94,77,87
94,49,94,77,87
94,49,94,77,87
94,49,94,77,87
94,49,94,77,87
94,49,94,77,87
94,49,94,77,87
94,49,94,77,87
94,49,94,77,87
94,49,94,77,87
94,49,94,77,87
94,49,94,77,87
94,49,94,77,87
94,49,94,77,87
94,49,94,77,87
94,49,94,77,87
94,49,94,77,87
94,49,94,77,87
94,49,94,77,87
94,49,94,77,87
94,49,94,77,87
94,49,94,77,87
94,49,94,77,87
94,49,94,77,87
94,49,94,77,87
94,49,94,77,87
94,49,94,77,87
94,49,94,77,87
94,49,94,77,87
94,49,94,77,87
94,49,94,77,87
94,49,94,77,87
94,49,94,77,87
94,49,94,77,87
94,49,94,77,87
94,49,94,77,87
94,49,94,77,87
94,49,94,77,87
94,49,94,77,87
94,49,94,77,87
94,49,94,77,87
94,49,94,77,87
94,49,94,77,87
94,49,94,77,87
94,49,94,77,87
94,49,94,77,87
94,49,94,77,87
94,49,94,77,87
94,49,94,77,87
94,49,94,77,87
94,49,94,77,87
94,49,94,77,87
94,49,94,77,87
100,61,89,84,80
100,61,89,84,80
100,61,89,84,80
100,61,89,84,80
100,61,89,84,80
100,61,89,84,80
100,61,89,84,80
100,61,89,84,80
100,61,89,84,80
99,60,89,81,81
99,60,89,81,81
99,60,89,81,81
99,60,89,81,81
99,60,89,81,81
99,60,89,81,81
99,60,89,81,81
99,60,89,81,81
99,60,89,81,81
99,60,89,81,81
99,60,89,81,81
99,60,89,81,81
99,60,89,81,81
99,60,89,81,81
99,60,89,81,81
99,60,89,81,81
99,60,89,81,81
99,60,89,81,81
99,60,89,81,81
99,60,89,81,81
99,60,89,81,81
99,60,89,81,81
99,60,89,81,81
99,60,89,81,81
99,60,89,81,81
99,60,89,81,81
99,60,89,81,81
99,60,89,81,81
99,60,89,81,81
99,60,89,81,81
99,60,89,81,81
99,60,89,81,81
99,60,89,81,81
99,60,89,81,81
99,60,89,81,81
99,60,89,81,81
99,60,89,81,81
99,60,89,81,81
99,60,89,81,81
99,60,89,81,81
99,60,89,81,81
99,60,89,81,81
99,60,89,81,81
100,62,88,77,80
100,62,88,77,80
100,62,88,77,80
100,62,88,77,80
100,62,88,77,80
100,62,88,77,80
100,73,83,83,84
100,73,83,83,84
100,73,83,83,84
100,73,83,83,84
100,73,83,83,84
100,73,83,83,84
100,73,83,83,84
100,73,83,83,84
100,73,83,83,84
100,73,83,83,84
100,73,83,83,84
100,73,83,83,84
100,73,83,83,84
100,73,83,83,84
100,73,83,83,84
100,73,83,83,84
100,73,83,83,84
100,73,83,83,84
100,73,83,83,84
100,73,83,83,84
100,73,83,83,84
100,73,83,83,84
100,73,83,83,84
100,73,83,83,84
100,73,83,83,84
100,73,83,83,84
100,73,83,83,84
100,73,83,83,84
100,73,83,83,84
100,73,83,83,84
100,73,83,83,84
100,73,83,83,84
100,73,83,83,84
100,73,83,83,84
100,72,83,85,84
100,72,83,85,84
100,72,83,85,84
100,72,83,85,84
100,72,83,85,84
100,72,83,85,84
100,72,83,85,84
100,72,83,85,84
100,72,83,85,84
100,72,83,85,84
100,72,83,85,84
100,72,83,85,84
100,72,83,85,84
100,72,83,85,84
100,72,83,85,84
100,72,83,85,84
100,82,79,88,76
100,82,79,88,76
100,82,79,88,76
100,82,79,88,76
100,82,79,88,76
100,82,79,88,76
100,82,79,88,76
100,82,79,88,76
100,81,79,91,75
100,81,79,91,75
100,81,79,91,75
100,81,79,91,75
100,81,79,91,75
100,81,79,91,75
100,81,79,91,75
100,81,79,91,75
100,81,79,91,75
100,81,79,91,75
100,81,79,91,75
100,81,79,91,75
100,81,79,91,75
100,81,79,91,75
100,81,79,91,75
100,81,79,91,75
100,81,79,91,75
100,81,79,91,75
100,81,79,91,75
100,81,79,91,75
100,90,81,100,69
100,90,81,100,69
100,90,81,100,69
100,90,81,100,69
100,90,81,100,69
100,90,81,100,69
100,90,81,100,69
100,90,81,100,69
100,90,81,100,69
100,90,81,100,69
100,90,81,100,69
100,90,81,100,69
100,90,81,100,69
100,90,81,100,69
99,89,81,100,69
99,89,81,100,69
99,89,81,100,69
99,89,81,100,69
99,89,81,100,69
99,89,81,100,69
99,89,81,100,69
99,89,81,100,69
90,75,87,100,77
91,73,87,97,78
91,73,87,97,78
91,73,87,97,78
91,73,87,97,78
91,73,87,97,78
91,73,87,97,78
91,73,87,97,78
91,73,87,97,78
91,73,87,97,78
91,73,87,97,78
91,73,87,97,78
91,73,87,97,78
91,73,87,97,78
91,73,87,97,78
91,73,87,97,78
91,73,87,97,78
91,73,87,97,78
91,73,87,97,78
91,73,87,97,78
91,73,87,97,78
91,73,87,97,78
91,73,87,97,78
91,73,87,97,78
91,72,87,96,78
91,72,87,96,78
91,72,87,96,78
91,72,87,96,78
91,72,87,96,78
91,72,87,96,78
91,72,87,96,78
91,72,87,96,78
91,72,87,96,78
91,72,87,96,78
91,72,87,96,78
91,72,87,96,78
91,72,87,96,78
91,72,87,96,78
91,72,87,96,78
91,72,87,96,78
91,72,87,96,78
91,72,87,96,78
91,72,87,96,78
91,72,87,96,78
91,72,87,96,78
91,72,87,96,78
91,72,87,95,78
91,72,87,95,78
91,72,87,95,78
91,72,87,95,78
91,72,87,95,78
91,72,87,95,78
91,72,87,96,78
91,72,87,96,78
91,72,87,96,78
91,73,87,98,78
91,73,87,98,78
92,71,87,95,79
92,71,87,95,79
92,71,87,95,79
92,71,87,95,79
92,71,87,95,79
92,71,87,95,79
92,71,87,95,79
92,71,87,95,79
92,71,87,95,79
92,71,87,95,79
92,71,87,95,79
92,71,87,95,79
92,71,87,95,79
92,71,87,95,79
92,71,87,95,79
92,71,87,95,79
92,71,87,95,79
92,71,87,95,79
92,71,87,95,79
92,71,87,95,79
92,71,87,95,79
92,71,87,95,79
92,71,87,95,79
92,71,87,95,79
89,66,89,100,82
89,66,89,100,82
89,66,89,100,82
89,66,89,100,82
89,66,89,100,82
89,66,89,100,82
89,66,89,100,82
89,66,89,100,82
89,66,89,100,82
89,66,89,100,82
89,66,89,100,82
89,66,89,100,82
89,66,89,100,82
89,66,89,100,82
89,66,89,100,82
89,66,89,100,82
89,66,89,100,82
89,66,89,100,82
89,66,89,100,82
89,66,89,100,82
89,66,89,100,82
89,66,89,100,82
89,66,89,100,82
89,66,89,100,82
89,66,89,100,82
89,66,89,100,82
89,66,89,100,82
89,66,89,100,82
89,66,89,100,82
89,66,89,100,82
89,66,89,100,82
91,61,87,92,80
91,61,87,92,80
91,61,87,92,80
91,61,87,92,80
92,63,87,89,79
92,63,87,89,79
92,63,87,89,79
92,63,87,89,79
92,63,87,89,79
92,63,87,89,79
92,63,87,89,79
92,63,87,89,79
92,63,87,89,79
92,62,87,90,79
92,62,87,90,79
92,62,87,90,79
92,62,87,90,79
92,62,87,90,79
92,62,87,90,79
92,62,87,90,79
92,62,87,90,79
92,62,87,90,79
92,62,87,90,79
92,62,87,90,79
92,62,87,90,79
92,62,87,90,79
92,62,87,90,79
92,62,87,90,79
92,62,87,90,79
92,62,87,90,79
92,62,87,90,79
92,62,87,90,79
92,62,87,90,79
92,62,87,90,79
92,62,87,90,79
92,62,87,90,79
98,57,83,98,73
98,57,83,98,73
98,57,83,98,73
98,57,83,98,73
98,57,83,98,73
98,57,83,98,73
98,57,83,98,73
98,57,83,98,73
98,57,83,98,73
98,57,83,98,73
98,57,83,98,73
98,57,83,98,73
98,57,83,98,73
98,57,83,98,73
98,57,83,98,73
98,57,83,98,73
98,57,83,98,73
98,57,83,98,73
98,57,83,98,73
98,57,83,98,73
98,57,83,98,73
98,57,83,98,73
98,57,83,98,73
98,57,83,98,73
98,57,83,98,73
98,57,83,98,73
98,57,83,98,73
98,57,83,98,73
98,57,83,98,73
98,57,83,98,73
98,57,83,98,73
98,57,83,98,73
98,57,83,98,73
98,57,83,98,73
98,57,83,98,73
98,57,83,98,73
98,57,83,98,73
98,57,83,98,73
98,57,83,98,73
98,57,83,98,73
98,57,83,98,73
98,57,83,98,73
98,57,83,98,73
98,57,83,98,73
98,57,83,98,73
98,57,83,98,73
98,57,83,98,73
98,57,83,98,73
98,57,83,98,73
98,57,83,98,73
98,57,83,98,73
98,57,83,98,73
98,57,83,98,73
98,57,83,98,73
98,57,83,98,73
98,57,83,98,73
98,57,83,98,73
98,57,83,98,73
98,57,83,98,73
98,57,83,98,73
98,57,83,98,73
98,57,83,97,73
98,57,83,97,73
98,57,83,97,73
100,66,83,100,67
100,66,83,100,67
100,66,83,100,67
100,66,83,100,67
100,66,83,100,67
100,64,84,97,68
100,64,84,97,68
100,64,84,97,68
100,64,84,97,68
100,64,84,97,68
100,64,84,97,68
100,64,84,97,68
100,64,84,97,68
100,64,84,97,68
100,64,84,97,68
100,64,84,97,68
100,64,84,97,68
100,64,84,97,68
100,64,84,97,68
100,64,84,97,68
100,64,84,98,68
100,64,84,98,68
100,64,84,98,68
100,64,84,98,68
100,64,84,98,68
100,64,84,98,68
100,64,84,98,68
100,64,84,98,68
100,64,84,98,68
100,64,84,98,68
100,64,84,98,68
100,64,84,98,68
100,64,84,98,68
100,64,84,98,68
100,64,84,98,68
100,64,84,98,68
100,64,84,98,68
100,64,84,98,68
100,64,84,98,68
100,64,84,98,68
100,64,84,98,68
100,64,84,98,68
100,64,84,98,68
100,64,84,98,68
100,64,84,98,68
100,64,84,98,68
100,64,84,98,68
100,64,84,98,68
100,64,84,98,68
100,64,84,98,68
100,64,84,98,68
100,70,80,88,73
100,70,80,88,73
100,70,80,88,73
100,70,80,88,73
100,70,80,88,73
100,70,80,88,73
100,70,80,88,73
100,69,80,89,73
100,69,76,89,73
100,69,76,89,73
100,69,76,89,73
100,69,76,89,73
100,69,76,89,73
100,69,76,89,73
100,69,76,89,73
100,69,76,89,73
100,69,76,89,73
100,69,76,89,73
100,69,76,89,73
100,69,76,89,73
100,69,76,89,73
100,69,76,89,73
100,69,76,89,73
100,69,76,89,73
100,69,76,89,73
100,69,76,89,73
100,69,76,89,73
100,69,76,89,73
100,69,76,89,73
100,69,76,89,73
100,69,76,89,73
100,69,76,89,73
100,69,76,89,73
100,69,76,90,73
100,69,76,90,73
100,69,76,90,73
100,69,76,90,73
100,69,76,90,73
100,69,76,90,73
100,69,76,90,73
100,69,76,90,73
100,69,76,90,73
100,69,76,90,73
100,69,76,90,73
100,69,76,90,73
100,69,76,90,73
100,69,76,90,73
100,69,76,90,73
100,70,76,93,72
100,70,76,93,72
100,70,76,93,72
100,70,76,93,72
100,70,76,93,72
100,70,76,93,72
100,70,76,93,72
100,70,76,93,72
100,70,76,93,72
100,70,76,93,72
100,70,76,93,72
100,70,76,93,72
100,70,76,93,72
100,70,76,93,72
100,70,76,93,72
100,70,76,93,72
100,70,76,93,72
100,70,76,93,72
100,70,76,93,72
100,70,76,93,72
100,70,76,93,72
100,70,76,93,72
100,70,76,93,72
100,70,76,93,72
100,70,76,93,72
100,70,76,93,72
100,70,76,93,72
100,70,76,93,72
100,70,76,93,72
100,70,76,93,72
100,70,76,93,72
100,70,76,93,72
100,70,76,93,72
100,70,76,94,73
100,70,76,94,73
100,70,76,94,73
100,70,76,94,73
100,70,76,94,73
100,70,76,94,73
100,70,76,94,73
100,70,76,94,73
100,70,76,94,73
100,70,76,94,73
100,70,76,94,73
100,70,76,94,73
100,70,76,94,73
100,70,76,94,73
100,61,72,100,74
100,61,72,100,74
100,61,72,100,74
100,61,72,100,74
100,61,72,100,74
100,61,72,100,74
100,61,72,100,74
100,61,72,100,74
100,61,72,100,74
100,61,72,100,74
100,61,72,100,74
100,61,72,100,74
100,61,72,100,74
100,61,72,100,74
100,61,72,100,74
100,61,72,100,74
100,61,72,100,74
100,61,72,100,74
100,61,72,100,74
100,61,72,100,74
100,61,72,100,74
100,61,72,100,74
100,61,72,100,74
100,61,72,100,74
100,61,72,100,74
100,61,72,100,74
100,61,72,100,74
100,61,72,100,74
100,61,72,100,74
100,61,72,100,74
100,61,72,100,74
100,61,72,100,74
100,61,72,100,74
100,61,72,100,74
100,61,72,100,74
100,61,72,100,74
100,61,72,100,74
100,61,72,100,74
100,61,72,100,74
100,61,72,100,74
100,61,72,100,74
100,61,72,100,74
100,61,72,100,74
100,61,72,100,74
100,61,72,100,74
100,61,72,100,74
100,61,72,100,74
100,61,72,100,74
100,61,72,100,74
100,61,72,100,74
100,61,72,100,74
100,61,72,100,74
100,61,72,100,74
100,61,72,100,74
100,61,72,100,74
100,61,72,100,74
100,61,72,100,74
100,61,72,100,74
100,61,72,100,74
100,61,72,100,74
100,61,72,100,74
100,61,72,100,74
100,61,72,100,74
100,61,72,100,74
100,61,72,100,74
100,61,72,100,74
100,61,72,100,74
100,61,72,100,74
100,61,72,100,74
100,61,72,100,74
100,61,72,100,74
100,61,72,100,74
100,61,72,100,74
100,61,72,100,74
100,61,72,100,74
100,61,72,100,74
100,61,72,100,74
100,61,72,100,74
100,61,72,100,74
100,61,72,100,74
100,61,72,100,74
100,61,72,100,74
100,61,72,100,74
100,61,72,100,74
100,61,72,100,74
100,61,72,100,74
100,61,72,100,74
100,61,72,100,74
100,61,72,100,74
100,61,72,100,74
100,61,72,100,74
100,61,72,100,74
100,61,72,100,74
100,61,72,100,74
100,61,72,100,74
100,61,72,100,74
100,61,72,100,74
100,61,72,100,74
100,61,72,100,74
100,61,72,100,74
100,61,72,100,74
100,61,72,100,74
100,61,72,100,74
100,61,72,100,74
100,65,73,96,71
100,65,73,96,71
100,65,73,96,71
100,65,73,96,71
100,65,73,96,71
100,65,73,96,71
100,65,73,96,71
100,65,73,96,71
100,65,73,96,71
100,65,73,96,71
100,65,73,96,71
100,65,73,96,71
100,65,73,96,71
100,65,73,96,71
100,65,73,96,71
100,65,73,96,71
100,65,73,96,71
100,65,73,96,71
100,65,73,96,71
100,65,73,96,71
100,65,73,96,71
100,65,73,96,71
100,65,73,96,71
100,65,73,96,71
100,65,73,96,71
100,65,73,96,71
100,65,73,96,71
100,65,73,96,71
100,65,73,96,71
100,65,73,96,71
100,65,73,96,71
100,65,73,96,71
100,65,73,96,71
100,65,73,96,71
100,65,73,96,71
100,65,73,96,71
100,65,73,96,71
100,65,73,96,71
100,65,73,96,71
100,65,73,96,71
100,65,73,96,71
100,65,73,96,71
100,65,73,96,71
100,65,73,96,71
100,65,73,96,71
100,65,73,96,71
100,65,73,96,71
100,65,73,96,71
100,65,73,96,71
100,65,73,96,71
100,65,73,96,71
100,65,73,96,71
100,65,73,96,71
100,65,73,96,71
100,65,73,96,71
100,65,73,96,71
100,65,73,96,71
100,65,73,96,71
100,65,73,96,71
100,65,73,96,71
100,65,73,96,71
100,65,73,96,71
100,65,73,96,71
100,65,73,96,71
100,65,73,96,71
100,65,73,96,71
100,65,73,96,71
100,65,73,96,71
100,65,73,96,71
100,65,73,96,71
100,65,73,96,71
100,65,73,96,71
100,65,73,96,71
100,65,73,96,71
100,65,73,96,71
100,65,73,96,71
100,65,73,96,71
100,65,73,96,71
100,65,73,96,71
100,65,73,96,71
100,65,73,96,71
100,65,73,96,71
100,65,73,96,71
100,65,73,96,71
100,65,73,96,71
100,65,73,96,71
100,65,73,96,71
100,65,73,96,71
100,65,73,96,71
100,65,73,96,71
100,65,73,96,71
100,65,73,96,71
100,65,73,96,71
100,65,73,96,71
100,65,73,96,71
100,65,73,96,71
100,65,73,96,71
100,65,73,96,71
100,65,73,96,71
100,65,73,96,71
100,65,73,96,71
100,65,73,96,71
100,65,73,96,71
100,65,73,96,71
100,65,73,96,71
100,65,73,96,71
100,65,73,96,71
100,65,73,96,71
100,65,73,96,71
100,65,73,96,71
100,65,73,96,71
100,65,73,96,71
100,65,73,96,71
100,65,73,96,71
100,65,73,96,71
100,65,73,96,71
100,65,73,96,71
100,65,73,96,71
100,65,73,96,71
100,65,73,96,71
100,65,73,95,71
100,65,73,95,71
100,65,73,95,71
100,65,73,95,71
100,65,73,95,71
100,65,73,95,71
100,65,73,95,71
100,65,73,95,71
100,64,73,96,71
100,64,73,96,71
100,64,73,96,71
100,64,73,96,71
100,64,73,96,71
100,64,73,96,71
100,64,73,96,71
100,64,73,96,71
100,64,73,96,71
100,65,73,95,71
100,65,73,95,71
100,65,73,95,71
100,65,73,95,71
100,65,73,95,71
100,65,73,95,71
100,65,73,95,71
100,65,73,95,71
100,65,73,95,71
100,65,73,95,71
100,65,73,95,71
100,65,73,95,71
100,65,73,95,71
100,65,73,95,71
100,65,73,95,71
100,65,73,95,71
100,65,73,95,71
100,65,73,95,71
100,65,73,95,71
100,65,73,95,71
100,65,73,95,71
100,65,73,95,71
100,65,73,95,71
99,66,73,97,71
100,65,73,95,71
100,65,73,95,71
100,65,73,95,71
100,65,73,95,71
100,65,73,95,71
100,65,73,95,71
100,65,73,95,71
100,65,73,95,71
100,65,73,95,71
100,65,73,95,71
100,65,73,95,71
100,65,73,95,71
100,65,73,95,71
100,65,73,95,71
100,65,73,95,71
100,65,73,95,71
100,65,73,95,71
100,65,73,95,71
100,65,73,95,71
100,65,73,95,71
100,65,73,95,71
100,65,73,95,71
100,65,73,95,71
100,65,73,95,71
100,65,73,95,71
100,65,73,95,71
100,65,73,95,71
100,65,73,95,71
100,65,73,95,71
100,65,73,95,71
100,65,73,95,71
100,65,73,95,71
100,65,73,95,71
100,65,73,95,71
100,65,73,95,71
100,65,73,95,71
100,65,73,95,71
100,65,73,95,71
100,65,73,95,71
100,65,73,95,71
100,65,73,95,71
100,66,73,95,72
100,66,73,95,72
100,66,73,95,72
100,66,73,95,72
100,66,73,95,72
100,66,73,95,72
100,66,73,95,72
100,66,73,95,72
100,66,73,95,72
100,66,73,95,72
100,66,73,95,72
100,66,73,95,72
100,66,73,95,72
100,66,73,95,72
100,65,73,94,72
100,65,73,94,72
100,65,73,94,72
100,65,73,94,72
100,65,73,94,72
100,65,73,94,72
100,65,73,94,72
99,64,73,96,72
99,64,73,96,72
99,64,73,96,72
99,64,73,96,72
99,64,73,96,72
99,64,73,96,72
99,64,73,96,72
99,64,73,96,72
99,64,73,96,72
99,64,73,96,72
99,64,73,96,72
99,64,73,96,72
99,64,73,96,72
99,64,73,96,72
99,64,73,96,72
99,64,73,96,72
99,64,73,96,72
99,64,73,96,72
99,64,73,96,72
99,64,73,96,72
99,64,73,96,72
99,64,73,96,72
99,64,73,96,72
99,64,73,96,72
99,64,73,96,72
99,64,73,96,72
99,64,73,96,72
99,64,73,96,72
99,64,73,96,72
99,64,73,96,72
99,64,73,96,72
99,64,73,96,72
99,64,73,96,72
99,64,73,96,72
99,64,73,96,72
99,64,73,96,72
99,64,73,96,72
99,64,73,96,72
99,64,73,96,72
99,64,73,96,72
100,65,73,94,71
100,65,73,94,71
100,65,73,94,71
100,65,73,94,71
100,65,73,94,71
100,65,73,94,71
100,65,73,94,71
100,65,73,94,71
100,65,73,94,71
100,65,73,94,71
100,65,73,94,71
100,65,73,94,71
100,65,73,94,71
100,65,73,94,71
100,65,73,94,71
100,65,73,94,71
100,65,73,94,71
100,65,73,94,71
100,65,73,94,71
100,65,73,94,71
100,65,73,94,71
100,65,73,94,71
100,65,73,94,71
100,65,73,94,71
100,65,73,94,71
100,65,73,94,71
100,65,73,94,71
100,65,73,94,71
100,65,73,94,71
100,65,73,94,71
100,65,73,94,71
100,65,73,94,71
100,65,73,94,71
100,65,73,94,71
100,65,73,94,71
100,65,73,94,71
100,65,73,94,71
100,65,73,94,71
100,65,73,94,71
100,65,73,94,71
100,65,73,94,71
100,65,73,94,71
100,65,73,94,71
100,65,73,94,71
100,65,73,94,71
100,65,73,94,71
100,65,73,94,71
100,65,73,94,71
100,65,73,94,71
100,65,73,94,71
100,65,73,94,71
100,65,73,94,71
100,65,73,94,71
100,65,73,94,71
100,65,73,94,71
100,65,73,94,71
100,65,73,94,71
100,65,73,94,71
100,65,73,94,71
100,65,73,94,71
100,65,73,94,71
100,65,73,94,71
100,65,73,94,71
100,65,73,94,71
100,65,73,94,71
100,65,73,94,71
100,65,73,94,71
100,65,73,94,71
100,65,73,94,71
100,65,73,94,71
100,65,73,94,71
100,65,73,94,71
100,65,73,94,71
100,65,73,94,71
100,65,73,94,71
100,65,73,94,71
100,65,73,94,71
100,65,73,94,71
100,65,73,94,71
100,65,73,94,71
100,66,73,93,71
100,66,73,93,71
100,66,73,93,71
100,66,73,93,71
100,66,73,93,71
100,66,73,93,71
100,66,73,93,71
100,66,73,93,71
100,66,73,93,71
100,66,73,93,71
100,66,73,93,71
100,66,73,93,71
100,66,73,93,71
100,66,73,93,71
100,66,73,93,71
100,66,73,93,71
100,66,73,93,71
100,66,73,93,71
100,66,73,93,71
100,66,73,93,71
100,66,73,93,71
100,66,73,93,71
100,66,73,93,71
100,66,73,93,71
100,66,73,93,71
100,66,73,93,71
100,66,73,93,71
100,66,73,93,71
100,66,73,93,71
100,66,73,93,71
100,66,73,93,71
100,66,73,93,71
100,66,73,93,71
100,66,73,93,71
100,66,73,93,71
100,66,73,93,71
100,66,73,93,71
100,66,73,93,71
100,66,73,93,71
100,58,70,97,71
100,58,70,97,71
100,58,70,97,71
100,58,70,97,71
100,58,70,97,71
100,58,70,97,71
100,58,70,97,71
100,58,70,97,71
100,58,70,97,71
100,58,70,96,71
100,58,70,96,71
100,58,70,96,71
100,58,70,96,71
100,58,70,96,71
100,58,70,96,71
100,58,70,96,71
100,58,70,96,71
100,58,70,96,71
100,58,70,96,71
100,58,70,95,71
100,58,70,95,71
100,58,70,95,71
100,58,70,95,71
100,58,70,95,71
100,58,70,95,71
100,58,70,95,71
100,58,70,95,71
100,58,70,95,71
100,58,70,95,71
100,58,70,95,71
100,58,70,95,71
100,58,70,95,71
100,58,70,95,71
100,58,70,95,71
100,58,70,95,71
100,66,67,96,65
100,66,67,96,65
100,66,67,96,65
100,66,67,96,65
100,66,67,96,65
100,66,67,96,65
100,66,67,96,65
100,66,67,96,65
100,66,67,96,65
100,66,67,96,65
100,66,67,96,65
100,66,67,96,65
100,66,67,96,65
100,66,67,96,65
100,66,67,96,65
100,66,67,96,65
100,66,67,96,65
100,66,67,96,65
100,66,67,96,65
100,66,67,96,65
100,66,67,96,65
100,66,67,96,65
100,66,67,96,65
99,65,67,95,65
99,65,67,95,65
99,65,67,95,65
99,65,67,95,65
99,65,67,95,65
99,65,67,95,65
100,67,70,97,70
100,67,70,97,70
100,67,70,97,70
100,67,70,97,70
100,67,70,97,70
100,67,70,97,70
100,67,70,97,70
100,67,70,97,70
100,67,70,97,70
100,67,70,97,70
100,67,70,97,70
100,67,70,97,70
100,67,70,97,70
100,67,70,97,70
100,68,70,97,71
100,68,70,97,71
100,68,70,97,71
100,68,70,97,71
100,68,70,97,71
100,68,70,97,71
100,68,70,97,71
100,68,70,97,71
100,68,70,97,71
100,68,70,97,71
100,68,70,97,71
100,68,70,97,71
100,68,70,97,71
100,68,70,97,71
100,68,70,97,71
100,68,70,97,71
100,68,70,97,71
100,68,70,97,71
100,68,70,97,71
100,68,70,97,71
100,67,70,99,72
100,67,70,99,72
100,67,73,97,78
100,67,73,97,78
100,67,73,97,78
100,67,73,97,78
100,67,73,97,78
100,67,73,97,78
100,67,73,97,78
100,67,73,97,78
100,67,73,97,78
100,67,73,97,78
100,67,73,97,78
100,67,73,97,78
100,67,73,97,78
100,67,73,97,78
100,67,73,97,78
100,67,73,97,78
100,67,73,97,78
100,67,73,97,78
100,67,73,97,78
100,67,73,97,78
100,67,73,97,78
100,67,73,97,78
100,67,73,97,78
100,67,73,97,78
100,67,73,97,78
100,67,73,97,78
100,67,73,97,78
100,67,73,97,78
100,67,73,97,78
100,67,73,97,78
100,67,73,97,78
100,67,73,97,78
100,67,73,97,78
100,67,73,97,78
100,67,73,97,78
100,67,73,97,78
100,67,73,97,78
100,66,73,97,77
100,66,73,97,77
100,66,73,97,77
100,66,73,97,77
100,66,73,97,77
100,66,73,97,77
100,66,73,97,77
100,66,73,97,77
100,66,73,97,77
100,66,73,97,77
100,66,73,97,77
100,66,73,97,77
100,66,73,97,77
100,66,73,97,77
100,66,73,97,77
100,66,73,97,77
100,66,73,97,77
100,66,73,97,77
100,66,73,97,77
100,65,73,95,76
100,65,73,95,76
100,65,73,95,76
100,65,73,95,76
100,65,73,95,76
100,65,73,95,76
100,65,73,95,76
100,65,73,95,76
100,65,73,95,76
100,65,73,95,76
100,65,73,95,76
100,65,73,95,76
100,65,73,95,76
100,65,73,95,76
100,65,73,95,76
100,65,73,95,76
100,62,76,98,74
100,62,76,98,74
100,62,76,98,74
100,62,76,98,74
100,62,76,98,74
100,62,76,98,74
100,62,76,98,74
100,62,76,98,74
100,62,76,98,74
100,62,76,98,74
100,62,76,98,74
100,62,76,98,74
100,62,76,98,74
100,62,76,98,74
100,62,76,98,74
100,62,76,98,74
100,62,76,98,74
100,62,76,98,74
100,62,76,98,74
100,62,76,98,74
100,62,76,98,74
100,62,76,98,74
100,62,76,98,74
100,62,76,98,74
100,62,76,98,74
100,63,76,98,75
100,63,76,98,75
100,63,76,98,75
100,72,80,100,69
100,72,80,100,69
100,72,80,100,69
100,72,80,100,69
100,72,80,100,69
100,72,80,100,69
100,72,80,100,69
100,72,80,100,69
100,70,80,100,70
100,70,80,100,70
100,70,80,100,70
100,70,80,100,70
100,70,80,100,70
100,70,80,100,70
100,70,80,100,70
100,70,80,100,70
100,70,80,100,70
100,70,80,100,70
100,70,80,100,70
100,70,80,100,70
90,56,86,100,79
90,56,86,100,79
90,56,86,100,79
90,56,86,100,79
90,56,86,100,79
90,56,86,100,79
90,56,86,100,79
90,56,86,100,79
90,56,86,100,79
90,56,86,100,79
90,56,86,100,79
90,56,86,100,79
90,56,86,100,79
90,56,86,100,79
90,56,86,100,79
90,56,86,100,79
90,56,86,100,79
90,56,86,100,79
90,56,86,100,79
90,56,86,100,79
90,56,86,100,79
90,56,86,100,79
90,56,86,100,79
90,56,86,100,79
90,56,86,100,79
90,56,86,100,79
90,56,86,100,79
90,56,86,100,79
90,56,86,100,79
90,56,86,100,79
90,56,86,100,79
90,56,86,100,79
90,56,86,100,79
90,56,86,100,79
90,56,86,100,79
90,56,86,100,79
90,56,86,100,79
90,56,86,100,79
90,56,86,100,79
90,56,86,100,79
90,56,86,100,79
90,56,86,100,79
90,56,86,100,79
90,56,86,100,79
90,56,86,100,79
90,56,86,100,79
90,55,86,100,79
90,55,86,100,79
90,55,86,100,79
90,55,86,100,79
90,55,86,100,79
90,55,86,100,79
90,55,86,100,79
90,55,86,100,79
90,55,86,100,79
90,55,86,100,79
90,55,86,100,79
90,55,86,100,79
90,55,86,100,79
90,55,86,100,79
90,55,86,100,79
90,55,86,100,79
90,55,86,100,79
90,55,86,100,79
90,55,86,100,79
90,55,86,100,79
90,55,86,100,79
90,55,86,100,79
90,55,86,100,79
89,54,86,100,80
89,54,86,100,80
89,54,86,100,80
89,54,86,100,80
89,54,86,100,80
89,54,86,100,80
89,54,86,100,80
89,54,86,100,80
89,54,86,100,80
89,54,86,100,80
89,54,86,100,80
89,54,86,100,80
89,54,86,100,80
89,54,86,100,80
94,63,84,96,74
94,63,84,96,74
94,63,84,96,74
94,63,84,96,74
94,63,84,96,74
94,63,84,96,74
94,63,84,96,74
100,71,80,100,74
100,71,80,100,74
100,71,80,100,74
100,71,80,100,74
100,71,80,100,74
100,71,80,100,74
100,71,80,100,74
100,71,80,100,74
100,71,80,100,74
100,71,80,100,74
100,71,80,100,74
100,71,80,100,74
100,71,80,100,74
100,71,80,100,74
100,71,80,100,74
100,71,80,100,74
100,71,80,100,74
100,71,80,100,74
100,71,80,100,74
100,68,78,100,77
100,68,78,100,77
100,68,78,100,77
100,68,78,100,77
100,68,78,100,77
100,68,78,100,77
100,68,78,100,77
100,68,78,100,77
100,68,78,100,77
100,68,78,100,77
100,68,78,100,77
100,68,78,100,77
100,68,78,100,77
100,68,78,100,77
100,68,78,100,77
100,68,78,100,77
100,68,78,100,77
100,68,78,100,77
100,68,78,100,77
100,68,78,100,77
100,68,78,100,77
100,68,78,100,77
100,68,78,100,77
100,68,78,100,77
100,68,78,100,77
100,68,78,100,77
100,68,78,100,77
100,69,78,97,76
100,69,78,97,76
100,69,78,97,76
100,69,78,97,76
100,69,78,97,76
99,68,78,95,77
99,68,78,95,77
99,68,78,95,77
99,68,78,95,77
99,68,78,95,77
99,68,78,95,77
99,68,78,95,77
100,68,78,95,77
100,68,78,95,77
100,68,78,95,77
100,68,78,95,77
100,68,78,95,77
100,67,78,96,77
100,67,78,96,77
100,67,78,96,77
100,67,78,96,77
100,67,78,96,77
100,67,78,96,77
100,67,78,96,77
100,67,78,96,77
100,67,78,97,77
100,67,78,97,77
100,67,78,97,77
100,67,78,97,77
100,67,78,97,77
100,67,78,97,77
100,67,78,97,77
100,67,78,97,77
100,67,78,97,77
100,67,78,97,77
100,67,78,97,77
100,67,78,97,77
100,67,78,97,77
100,67,78,97,77
100,67,78,97,77
100,66,78,98,77
100,66,78,98,77
100,66,78,98,77
100,66,78,98,77
100,66,78,98,77
100,66,78,98,77
100,66,78,98,77
100,66,78,98,77
100,66,78,98,77
100,66,78,98,77
100,66,78,98,77
100,66,78,98,77
100,66,78,98,77
100,66,78,98,77
100,66,78,98,77
94,57,82,100,84
93,56,82,100,85
93,56,82,100,85
93,56,82,100,85
96,60,80,100,82
96,60,80,100,82
96,60,80,100,82
96,60,80,100,82
96,60,80,100,82
96,60,80,100,82
96,60,80,100,82
96,60,80,100,82
96,60,80,100,82
96,60,80,100,82
96,60,80,100,82
96,60,80,100,82
96,60,80,100,82
96,60,80,100,82
96,60,80,100,82
96,60,80,100,82
96,60,80,100,82
96,60,80,100,82
96,60,80,100,82
96,60,80,100,82
96,60,80,100,82
96,60,80,100,82
96,60,80,100,82
96,60,80,100,82
96,60,80,100,82
96,60,80,100,82
96,60,80,100,82
96,60,80,100,82
96,60,80,100,82
96,60,80,100,82
96,60,80,100,82
96,60,80,100,82
96,60,80,100,82
96,60,80,100,82
96,60,80,100,82
96,60,80,100,82
96,60,80,100,82
96,60,80,100,82
96,60,80,100,82
96,60,80,100,82
96,60,80,100,82
96,60,80,100,82
96,60,80,100,82
96,60,80,100,82
96,60,80,100,82
96,60,80,100,82
96,60,80,100,82
96,60,80,100,82
96,60,80,100,82
96,60,80,100,82
96,60,80,100,82
96,60,80,100,82
96,60,80,100,82
96,60,80,100,82
96,60,80,100,82
96,60,80,100,82
96,60,80,100,82
96,60,80,100,82
96,60,80,100,82
97,59,80,100,81
97,59,80,100,81
97,59,80,100,81
97,59,80,100,81
97,59,80,100,81
97,59,80,100,81
97,59,80,100,81
97,59,80,100,81
97,59,80,100,81
97,59,80,100,81
97,59,80,100,81
97,59,80,100,81
97,59,80,100,81
97,59,80,100,81
97,59,80,100,81
97,59,80,100,81
97,59,80,100,81
97,59,80,100,81
97,59,80,100,81
97,59,80,100,81
97,59,80,100,81
97,59,80,100,81
97,59,80,100,81
97,59,80,100,81
97,59,80,100,81
97,59,80,100,81
97,59,80,100,81
97,59,80,100,81
95,57,81,100,83
95,57,81,100,83
95,57,81,100,83
95,57,81,100,83
95,57,81,100,83
95,57,81,100,83
95,57,81,100,83
95,57,81,100,83
95,57,81,100,83
95,57,81,100,83
95,57,81,100,83
95,57,81,100,83
95,57,81,100,83
95,57,81,100,83
95,57,81,100,83
95,57,81,100,83
95,57,81,100,83
95,57,81,100,83
95,57,81,100,83
95,57,81,100,83
95,57,81,100,83
95,57,81,100,83
95,57,81,99,83
95,57,81,99,83
95,57,81,99,83
95,57,81,99,83
95,57,81,99,83
95,57,81,99,83
95,57,81,99,83
95,57,81,99,83
95,57,81,99,83
95,57,81,99,83
95,57,81,99,83
95,57,81,99,83
95,57,81,99,83
95,57,81,99,83
95,57,81,99,83
95,57,81,99,83
95,57,81,99,83
95,57,81,99,83
95,57,81,99,83
95,57,81,99,83
95,57,81,99,83
95,57,81,99,83
96,56,81,100,84
96,56,81,100,84
96,56,81,100,84
96,56,81,100,84
96,56,81,100,84
96,56,81,100,84
96,56,81,100,84
96,56,81,100,84
96,56,81,100,84
96,56,81,100,84
96,56,81,100,84
96,56,81,100,84
96,56,81,100,84
96,56,81,100,84
96,56,81,100,84
96,56,81,100,84
96,56,81,100,84
96,56,81,100,84
96,56,81,100,84
96,56,81,100,84
96,56,81,100,84
96,56,81,100,84
96,56,81,100,84
